,ACTIVITY_NR,REPORTING_ID,STATE_FLAG,ESTAB_NAME,SITE_ADDRESS,SITE_CITY,SITE_STATE,SITE_ZIP,OWNER_TYPE,OWNER_CODE,ADV_NOTICE,SAFETY_HLTH,SIC_CODE,NAICS_CODE,INSP_TYPE,INSP_SCOPE,WHY_NO_INSP,UNION_STATUS,SAFETY_MANUF,SAFETY_CONST,SAFETY_MARIT,HEALTH_MANUF,HEALTH_CONST,HEALTH_MARIT,MIGRANT,MAIL_STREET,MAIL_CITY,MAIL_STATE,MAIL_ZIP,HOST_EST_KEY,NR_IN_ESTAB,OPEN_DATE,CASE_MOD_DATE,CLOSE_CONF_DATE,CLOSE_CASE_DATE,LOAD_DT,RNUM
0,342934890,0524500,,"SPRINGFIELD FARM & HOME SUPPLY, INC.",2804 N. DIRKSEN PKWY,SPRINGFIELD,IL,62702,A,,N,S,,452990,B,B,I,B,,,,,,,,2804 N. DIRKSEN PKWY,SPRINGFIELD,IL,62702,HOST_EST_KEY_VALUE,40,08-FEB-18,03-DEC-23,08-FEB-18,25-FEB-19,04-DEC-23,1
1,342965498,0524500,,"FRIENDLY CHEVROLET, INC.",2450 PRAIRIE CROSSING DRIVE,SPRINGFIELD,IL,62711,A,,N,S,,441110,C,B,I,B,,,,,,,,2450 PRAIRIE CROSSING DRIVE,SPRINGFIELD,IL,62711,HOST_EST_KEY_VALUE,90,22-FEB-18,03-DEC-23,22-FEB-18,16-MAY-19,04-DEC-23,2
2,342997244,0524500,,"AMERICAN MULTI-CINEMA, INC.",3141 MERCANTILE DRIVE,SPRINGFIELD,IL,62704,A,,N,H,,512131,B,B,I,B,,,,,,,,3141 MERCANTILE DRIVE,SPRINGFIELD,IL,62704,HOST_EST_KEY_VALUE,24,07-MAR-18,03-DEC-23,07-MAR-18,16-APR-18,04-DEC-23,3
3,343056065,0524500,,"WEBER BUILDERS AND RENOVATORS, INC.",1308 S 2ND ST.,SPRINGFIELD,IL,62704,A,,N,S,,238130,B,B,I,B,,,,,,,,820 E SCARRITT,SPRINGFIELD,IL,62703,HOST_EST_KEY_VALUE,4,30-MAR-18,03-DEC-23,30-MAR-18,23-DEC-19,04-DEC-23,4
4,343056156,0524500,,HUGO ESTRADA,3000 SOUTH GRAND AVE.,SPRINGFIELD,IL,62703,A,,N,S,,238160,B,B,I,B,,,,,,,,304 LEXINGTON AVENUE,CLUTE,TX,77531,HOST_EST_KEY_VALUE,4,30-MAR-18,03-DEC-23,30-MAR-18,27-APR-22,04-DEC-23,5
5,343055018,0524500,,"BLACKHAWK ROOFING, LLC",1244 E SANGAMON AVE.,SPRINGFIELD,IL,62702,A,,N,S,,238160,B,B,I,B,,,,,,,,4208 SOUTHWOODS ROAD,SPRINGFIELD,IL,62701,HOST_EST_KEY_VALUE,6,30-MAR-18,03-DEC-23,30-MAR-18,15-MAY-18,04-DEC-23,6
6,343099636,0524500,,"SETH MOLEN CONSTRUCTION, INC.",1530 S 4TH ST.,SPRINGFIELD,IL,62703,A,,N,S,,238160,B,B,I,B,,,,,,,,231 E CANEDY ST.,SPRINGFIELD,IL,62704,HOST_EST_KEY_VALUE,5,18-APR-18,03-DEC-23,18-APR-18,31-AUG-18,04-DEC-23,7
7,343097499,0524500,,"HILD BROTHERS CONSTRUCTION AND REMODELING, L.L.C.",2101 S 6TH ST.,SPRINGFIELD,IL,62703,A,,N,S,,238160,B,B,I,B,,,,,,,,1906 700TH ST,MOUNT PULASKI,IL,62548,HOST_EST_KEY_VALUE,3,18-APR-18,03-DEC-23,18-APR-18,19-APR-18,04-DEC-23,8
8,343096996,0524500,,BRANDON TEDRICK,2053 S 5TH ST.,SPRINGFIELD,IL,62703,A,,N,S,,238160,B,B,I,B,,,,,,,,14416 PIONEER DRIVE,ATHENS,IL,62613,HOST_EST_KEY_VALUE,6,18-APR-18,03-DEC-23,18-APR-18,19-APR-18,04-DEC-23,9
9,343125514,0524500,,"SMITH GENERAL CONTRACTING, INC.",2253 E KEYS,SPRINGFIELD,IL,62701,A,,N,S,,238160,B,D,C,B,,,,,,,,3112 S. 12TH ST.,SPRINGFIELD,IL,62703,HOST_EST_KEY_VALUE,0,01-MAY-18,03-DEC-23,01-MAY-18,07-MAY-18,04-DEC-23,10
10,343136396,0524500,,JAREN INDUSTRIES INCORPORATED,2905 ADLAI STEVENSON DR.,SPRINGFIELD,IL,62703,A,,N,H,,238910,B,B,I,B,,,,,,,,6868 PEC ROAD,SPRINGFIELD,IL,62711,HOST_EST_KEY_VALUE,4,04-MAY-18,03-DEC-23,04-MAY-18,14-MAY-18,04-DEC-23,11
11,343214144,0524500,,"UNITED IRONWORKERS, INC.",3441 GATLIN DR.,SPRINGFIELD,IL,62707,A,,N,S,,238120,B,B,I,A,,,,,,,,5656 STATE HWY ROUTE,STEELEVILLE,IL,62288,HOST_EST_KEY_VALUE,5,07-JUN-18,03-DEC-23,07-JUN-18,02-JUL-18,04-DEC-23,12
12,343214516,0524500,,"B & H ROOFING, LLC",CORNER OF WABASH AND HAMLIN ROAD,SPRINGFIELD,IL,62701,A,,N,S,,238160,B,B,I,B,,,,,,,,6740 ILLINI DRIVE,VIRDEN,IL,62690,HOST_EST_KEY_VALUE,3,08-JUN-18,03-DEC-23,08-JUN-18,08-JUN-18,04-DEC-23,13
13,343299707,0524500,,"GRIFFITTS EXTERIOR HOME DESIGNS, INC.",1001 N 9TH STREET,SPRINGFIELD,IL,62701,A,,N,S,,238160,B,B,I,B,,,,,,,,6636 N WESLEY,SPRINGFIELD,IL,62702,HOST_EST_KEY_VALUE,6,16-JUL-18,03-DEC-23,16-JUL-18,09-JUL-19,04-DEC-23,14
14,343299368,0524500,,"GABE'S HOME IMPROVEMENT, L.L.C.",1001 N 9TH STREET,SPRINGFIELD,IL,62701,A,,N,S,,236118,B,B,I,B,,,,,,,,631 W MAPLE NORTH,SPRINGFIELD,IL,62707,HOST_EST_KEY_VALUE,6,16-JUL-18,03-DEC-23,16-JUL-18,13-AUG-18,04-DEC-23,15
15,343308557,0524500,,"ASSURED APPLICATORS CONSTRUCTION, LLC",3321 COLLINGWOOD,SPRINGFIELD,IL,62711,A,,N,S,,238160,B,B,I,B,,,,,,,,141 W MAIN,DECATUR,IL,62523,HOST_EST_KEY_VALUE,5,17-JUL-18,03-DEC-23,17-JUL-18,20-SEP-19,04-DEC-23,16
16,343308672,0524500,,LANDERS CONSTRUCTION AND REMODELING INC.,2599 W WABASH AVE,SPRINGFIELD,IL,62704,A,,N,S,,238130,B,B,I,B,,,,,,,,2304 SYLVAN ROAD,SPRINGFIELD,IL,62704,HOST_EST_KEY_VALUE,4,20-JUL-18,03-DEC-23,20-JUL-18,07-APR-23,04-DEC-23,17
17,343327730,0524500,,UNKNOWN CONTRACTOR,3113 S SIXTH STREET,SPRINGFIELD,IL,62703,A,,N,S,,238160,B,D,C,B,,,,,,,,3113 S SIXTH STREET,SPRINGFIELD,IL,62703,HOST_EST_KEY_VALUE,0,25-JUL-18,03-DEC-23,25-JUL-18,25-JUL-18,04-DEC-23,18
18,343362034,0524500,,"HOLTHAUS COMPANIES, INC.",2901 STEVENSON DR.,SPRINGFIELD,IL,62703,A,,N,S,,238160,B,D,C,B,,,,,,,,875 E. LINN ST.,CANTON,IL,61520,HOST_EST_KEY_VALUE,4,03-AUG-18,03-DEC-23,,10-AUG-18,04-DEC-23,19
19,343363099,0524500,,"NORTH AMERICAN MIDWAY ENTERTAINMENT-ASTRO AMUSEMENT, LLC",801 SANGAMON AVE,SPRINGFIELD,IL,62702,A,,N,S,,713990,B,B,I,B,,,,,,,,"2500 W. HIGGINS, SUITE 205",HOFFMAN ESTATES,IL,60169,HOST_EST_KEY_VALUE,40,06-AUG-18,03-DEC-23,06-AUG-18,21-DEC-18,04-DEC-23,20
20,343361838,0524500,,KREILING ROOFING CO.,1700 E. SANGAMON AVENUE,SPRINGFIELD,IL,62702,A,,N,S,,238160,H,B,I,A,,,,,,,,2335 W ALTORFER DR,PEORIA,IL,61615,HOST_EST_KEY_VALUE,6,06-AUG-18,03-DEC-23,06-AUG-18,29-JUL-19,04-DEC-23,21
21,343393617,0524500,,NEW TECH ROOFING,4200 CONESTOGA DRIVE,SPRINGFIELD,IL,62711,A,,N,S,,238160,B,D,C,B,,,,,,,,4200 CONESTOGA DRIVE,SPRINGFIELD,IL,62711,HOST_EST_KEY_VALUE,0,16-AUG-18,03-DEC-23,16-AUG-18,16-AUG-18,04-DEC-23,22
22,343415071,0524500,,UNKNOWN,2901 STEVENSON DR.,SPRINGFIELD,IL,62703,A,,N,S,,238160,B,D,C,B,,,,,,,,CORNER OF ADLOFF AND STEVENSON DRIVE (CIRCLE K GAS STATION),SPRINGFIELD,IL,62701,HOST_EST_KEY_VALUE,1,23-AUG-18,03-DEC-23,,24-AUG-18,04-DEC-23,23
23,343482709,0551702,,IL DEPT. OF CENTRAL MANAGEMENT SERVICES,2200 CHURCHILL,SPRINGFIELD,IL,62702,C,,N,S,,921190,B,B,I,A,,,,,,,,715 STRATTON OFFICE,SPRINGFIELD,IL,62706,HOST_EST_KEY_VALUE,268,28-AUG-18,03-DEC-23,28-AUG-18,31-JAN-20,04-DEC-23,24
24,343423224,0551702,,IL DEPT. OF CHILDREN & FAMILY SERVICES - CHURCHILL,2200 N CHURCHILL,SPRINGFIELD,IL,62702,C,,N,S,,921190,B,B,I,A,,,,,,,,406 E MONROE ATTN:  MS. BEVERLY J. WALKER - ACTING DIRECTOR,SPRINGFIELD,IL,62701,HOST_EST_KEY_VALUE,120,28-AUG-18,03-DEC-23,28-AUG-18,24-OCT-18,04-DEC-23,25
25,343430302,0551701,,IL SECRETARY OF STATE - PHYSICAL SERVICES DEPT.,401 SOUTH SPRING ST. STRATTON BUILDING,SPRINGFIELD,IL,62756,C,,N,H,,811310,B,B,I,A,,,,,,,,213 STATE CAPITOL ATTN: SECRETARY OF STATE  JESSE WHITE,SPRINGFIELD,IL,62756,HOST_EST_KEY_VALUE,41,30-AUG-18,03-DEC-23,30-AUG-18,28-FEB-19,04-DEC-23,26
26,343446829,0524500,,UNITED STATES POSTAL SERVICE,2105 E. COOK STREET,SPRINGFIELD,IL,62703,A,,N,S,,491110,B,B,I,A,,,,,,,,2105 E. COOK STREET,SPRINGFIELD,IL,62703,HOST_EST_KEY_VALUE,187,04-SEP-18,03-DEC-23,04-SEP-18,04-MAR-19,04-DEC-23,27
27,343465365,0524500,,"CITY WATER, LIGHTS AND POWER",3062 ADLAI STEVENSON DR.,SPRINGFIELD,IL,62703,B,,N,S,,237110,B,D,I,B,,,,,,,,"4TH FLOOR, MUNICIPLE CENTER EAST 800 E. MONROE ST.",SPRINGFIELD,IL,62702,HOST_EST_KEY_VALUE,0,13-SEP-18,03-DEC-23,13-SEP-18,24-OCT-18,04-DEC-23,28
28,343460580,0524500,,"CONTECH ENGINEERED SOLUTIONS, LLC",1110 STEVENSON DRIVE,SPRINGFIELD,IL,62703,A,,N,S,,326122,C,B,I,B,,,,,,,,1110 STEVENSON DRIVE,SPRINGFIELD,IL,62703,HOST_EST_KEY_VALUE,39,13-SEP-18,03-DEC-23,07-DEC-18,22-JAN-19,04-DEC-23,29
29,343489027,0524500,,STEPHEN COY CONSTRUCTION INCORPORATED,2000 WILDERNESS TRAIL,SPRINGFIELD,IL,62711,A,,N,S,,238160,H,B,I,B,,,,,,,,807 HAWLEY ST,TAYLORVILLE,IL,62568,HOST_EST_KEY_VALUE,5,18-SEP-18,03-DEC-23,18-SEP-18,01-APR-19,04-DEC-23,30
30,343472478,0524500,,CAROL JO VECCHI WOMEN/CHILDREN MEDICAL BLDG,415 N 9TH ST.,SPRINGFIELD,IL,62702,A,,N,S,,238910,H,D,C,B,,,,,,,,415 N 9TH ST.,SPRINGFIELD,IL,62702,HOST_EST_KEY_VALUE,0,18-SEP-18,03-DEC-23,18-SEP-18,19-SEP-18,04-DEC-23,31
31,343486478,0524500,,"FINGER LAKES ROOFING CO, INC.",1024 E JEFFERSON STREET,SPRINGFIELD,IL,62703,A,,N,S,,238160,B,B,I,B,,,,,,,,7642 MAIN STREET,FISHERS,NY,14453,HOST_EST_KEY_VALUE,6,25-SEP-18,03-DEC-23,25-SEP-18,25-SEP-18,04-DEC-23,32
32,343509626,0524500,,"MICHEL CONCRETE CONSTRUCTION, INC.",3101 GREAT NORTHERN RD.,SPRINGFIELD,IL,62711,A,,N,S,,238110,C,B,I,B,,,,,,,,3101 GREAT NORTHERN RD.,SPRINGFIELD,IL,62711,HOST_EST_KEY_VALUE,4,02-OCT-18,03-DEC-23,02-OCT-18,06-FEB-19,04-DEC-23,33
33,343520565,0524500,,JOLLY ROOFING & CONTRACTING COMPANY INC.,2760 N. DIRKSEN PARKWAY,SPRINGFIELD,IL,62702,A,,N,S,,238160,B,D,C,B,,,,,,,,711 CHANEY COVE,COLLIERVILLE,TN,38017,HOST_EST_KEY_VALUE,0,09-OCT-18,03-DEC-23,09-OCT-18,10-OCT-18,04-DEC-23,34
34,343577128,0524500,,"NUDO PRODUCTS, INC.",1500 TAYLOR AVE,SPRINGFIELD,IL,62703,A,,N,S,,444190,C,B,I,B,,,,,,,,1500 TAYLOR AVE,SPRINGFIELD,IL,62703,HOST_EST_KEY_VALUE,167,30-OCT-18,03-DEC-23,30-OCT-18,07-FEB-19,04-DEC-23,35
35,343575676,0524500,,ACE SIGN CO.,2540 SOUTH FIRST STREET,SPRINGFIELD,IL,62704,A,,N,S,,339950,B,B,I,A,,,,,,,,2540 SOUTH FIRST STREET,SPRINGFIELD,IL,62704,HOST_EST_KEY_VALUE,49,01-NOV-18,03-DEC-23,01-NOV-18,13-NOV-18,04-DEC-23,36
36,343602512,0524500,,"KINNEY CONTRACTORS, INC.",3401 HEDLEY RD.,SPRINGFIELD,IL,62711,A,,N,S,,238130,B,B,I,A,,,,,,,,19342 E FRONTAGE RD.,RAYMOND,IL,62560,HOST_EST_KEY_VALUE,7,14-NOV-18,03-DEC-23,14-NOV-18,05-JUN-19,04-DEC-23,37
37,343602249,0524500,,"MINOR CONSTRUCTION OF PETERSBURG, INC.",3401 HEDLEY RD.,SPRINGFIELD,IL,62711,A,,N,S,,238130,G,B,I,A,,,,,,,,17559 SHADY LN.,PETERSBURG,IL,62675,HOST_EST_KEY_VALUE,5,14-NOV-18,03-DEC-23,14-NOV-18,03-NOV-22,04-DEC-23,38
38,343681227,0524500,,UNKNOWN CONTRACTOR,3404 S. 2ND STREET,SPRINGFIELD,IL,62701,A,,N,S,,238160,B,D,C,B,,,,,,,,3404 S. 2ND STREET,SPRINGFIELD,IL,62701,HOST_EST_KEY_VALUE,1,26-DEC-18,03-DEC-23,,26-DEC-18,04-DEC-23,39
39,343722666,0524500,,"CAST INDUSTRIES, INC.",580 NORTH ST.,SPRINGFIELD,IL,62704,A,,N,H,,339920,B,B,I,B,,,,,,,,580 NORTH ST.,SPRINGFIELD,IL,62704,HOST_EST_KEY_VALUE,75,17-JAN-19,03-DEC-23,17-JAN-19,04-JUN-19,04-DEC-23,40
40,343736252,0524500,,ST. JOHN'S HOSPITAL SISTERS OF THE THIRD ORDER OF ST. FRANCIS,701 E MASON ST,SPRINGFIELD,IL,62769,A,,N,S,,622110,H,D,I,B,,,,,,,,701 E MASON ST,SPRINGFIELD,IL,62769,HOST_EST_KEY_VALUE,0,24-JAN-19,03-DEC-23,24-JAN-19,24-JAN-19,04-DEC-23,41
41,343762167,0524500,,"ED RUTHERFORD ROOFING, INC.",CORNER OF 11TH AND STEVENSON,SPRINGFIELD,IL,62701,A,,N,S,,238160,B,B,I,B,,,,,,,,52439 HIGHWAY A,NEW LONDON,MO,63459,HOST_EST_KEY_VALUE,3,05-FEB-19,03-DEC-23,05-FEB-19,30-SEP-20,04-DEC-23,42
42,343772703,0524500,,PREMIUM PALLETS,2877 N DIRKSEN PARKWAY,SPRINGFIELD,IL,62702,A,,N,S,,321920,H,D,A,B,,,,,,,,2877 N DIRKSEN PARKWAY,SPRINGFIELD,IL,62702,HOST_EST_KEY_VALUE,0,08-FEB-19,03-DEC-23,08-FEB-19,01-MAR-19,04-DEC-23,43
43,343772737,0524500,,KENT FAMILY INC.,"1333 WABASH AVE, STE A",SPRINGFIELD,IL,62704,A,,N,S,,445110,H,D,B,B,,,,,,,,"1333 WABASH AVE, STE A",SPRINGFIELD,IL,62704,HOST_EST_KEY_VALUE,0,08-FEB-19,03-DEC-23,08-FEB-19,21-FEB-19,04-DEC-23,44
44,343772687,0524500,,PALLETS SHOP,5312 DEERWOOD LK,SPRINGFIELD,IL,62703,A,,N,S,,321920,H,D,C,B,,,,,,,,5312 DEERWOOD LK,SPRINGFIELD,IL,62703,HOST_EST_KEY_VALUE,0,08-FEB-19,03-DEC-23,08-FEB-19,01-MAR-19,04-DEC-23,45
45,343794889,0551702,,CITY OF SPRINGFIELD - CWLP,2215 OLD JACKSONVILLE RD,SPRINGFIELD,IL,62701,B,,N,S,,221121,M,B,I,A,,,,,,,,800 E MONROE ATTN:  MR. JAMES O. LANGFELDER - MAYOR,SPRINGFIELD,IL,62701,HOST_EST_KEY_VALUE,102,14-FEB-19,03-DEC-23,14-FEB-19,12-JUN-19,04-DEC-23,46
46,343811253,0524500,,BRANDON TEDRICK,CORNER OF E. SANGAMON AND 17TH STREET,SPRINGFIELD,IL,62701,A,,N,S,,238160,H,B,I,B,,,,,,,,2110 N. REPUBLIC,SPRINGFIELD,IL,62702,HOST_EST_KEY_VALUE,6,27-FEB-19,03-DEC-23,27-FEB-19,,04-DEC-23,47
47,343811675,0524500,,SMITH CONSTRUCTION,BETWEEN 2150 AND 2300 SANGAMON AVE.,SPRINGFIELD,IL,62701,A,,N,S,,238160,B,D,C,B,,,,,,,,1320 W. COMMERCE DR.,PEORIA,IL,61604,HOST_EST_KEY_VALUE,0,27-FEB-19,03-DEC-23,27-FEB-19,27-FEB-19,04-DEC-23,48
48,343853024,0524500,,WORLD OF POWERSPORTS INC.,3230 ATLANTA ST,SPRINGFIELD,IL,62707,A,,N,H,,441228,B,B,I,B,,,,,,,,3230 ATLANTA ST,SPRINGFIELD,IL,62707,HOST_EST_KEY_VALUE,16,12-MAR-19,03-DEC-23,12-MAR-19,01-APR-20,04-DEC-23,49
49,343846218,0524500,,"SKYLINE ROOFING AND SHEET METAL COMPANY, INCORPORATED",2560 WABASH AVENUE,SPRINGFIELD,IL,62704,A,,N,S,,238160,B,B,I,B,,,,,,,,3060 W. MINNESOTA ST.,INDIANAPOLIS,IN,46241,HOST_EST_KEY_VALUE,6,12-MAR-19,03-DEC-23,12-MAR-19,13-JUL-22,04-DEC-23,50
50,343846382,0524500,,UNKNOWN CONTRACTOR,S. GRAND & DIRKSEN PKWY,SPRINGFIELD,IL,62701,A,,N,S,,238160,B,D,C,B,,,,,,,,S. GRAND & DIRKSEN PKWY,SPRINGFIELD,IL,62701,HOST_EST_KEY_VALUE,0,12-MAR-19,03-DEC-23,12-MAR-19,03-APR-19,04-DEC-23,51
51,343856498,0551702,,IL DEPT. OF TRANSPORTATION - DIV. OF HIGHWAYS,702 N. LINCOLN AVE,SPRINGFIELD,IL,62702,C,,Y,S,,237310,M,B,I,A,,,,,,,,2300 S. DIRKSEN PARKWAY ATTN: OMER OSMAN - ACTING SECRETARY,SPRINGFIELD,IL,62764,HOST_EST_KEY_VALUE,27,15-MAR-19,03-DEC-23,15-MAR-19,10-FEB-20,04-DEC-23,52
52,343873378,0524500,,"HEARTLAND HEATING AND COOLING, INC.",625 E ST. JOSEPH ST.,SPRINGFIELD,IL,62703,A,,N,S,,238220,B,B,I,B,,,,,,,,810 S DIRKSEN PKWY.,SPRINGFIELD,IL,62703,HOST_EST_KEY_VALUE,4,22-MAR-19,03-DEC-23,22-MAR-19,03-APR-20,04-DEC-23,53
53,343889028,0524500,,"CENTRAL ILLINOIS STAFFING SERVICES, LLC","CAST INDUSTRIES, INC. 580 W NORTH ST",SPRINGFIELD,IL,62704,A,,N,H,,561320,I,B,I,B,,,,,,,,2719 A W MONROE,SPRINGFIELD,IL,62705,HOST_EST_KEY_VALUE,11,27-MAR-19,03-DEC-23,27-MAR-19,18-APR-19,04-DEC-23,54
54,343889341,0524500,,"INNOVATIVE STAFF SOLUTIONS, INC.","CAST INDUSTRIES, INC. 580 NORTH ST.",SPRINGFIELD,IL,62704,A,,N,H,,561311,I,B,I,B,,,,,,,,1425 ADLAI STEVENSON DR,SPRINGFIELD,IL,62703,HOST_EST_KEY_VALUE,11,27-MAR-19,03-DEC-23,27-MAR-19,30-MAY-19,04-DEC-23,55
55,343904637,0524500,,UNKNOWN CONTRACTOR,2136 N 8TH ST.,SPRINGFIELD,IL,62702,A,,N,S,,238160,B,D,C,B,,,,,,,,2136 N 8TH ST.,SPRINGFIELD,IL,62702,HOST_EST_KEY_VALUE,0,02-APR-19,03-DEC-23,02-APR-19,01-MAY-19,04-DEC-23,56
56,343904652,0524500,,"DOUBLE D EXPRESS, INC.",3650 N DIRKSEN PARKWAY,SPRINGFIELD,IL,62707,A,,N,S,,484110,B,B,I,B,,,,,,,,2930 MAY ROAD,PERU,IL,61354,HOST_EST_KEY_VALUE,15,02-APR-19,03-DEC-23,02-APR-19,16-JUL-19,04-DEC-23,57
57,343912341,0524500,,UNKNOWN CONTRACTOR,522 W JEFFERSON ST NEXT TO MCDONALD'S,SPRINGFIELD,IL,62702,A,,N,S,,238130,B,D,C,B,,,,,,,,522 W JEFFERSON ST NEXT TO MCDONALD'S,SPRINGFIELD,IL,62702,HOST_EST_KEY_VALUE,1,05-APR-19,03-DEC-23,,08-APR-19,04-DEC-23,58
58,343922274,0524500,,WESLEY HULVEY,3253 MATHERS RD.,SPRINGFIELD,IL,62711,A,,N,S,,238160,B,B,I,B,,,,,,,,1130 N FRANKLIN AVE.,SPRINGFIELD,IL,62702,HOST_EST_KEY_VALUE,3,09-APR-19,03-DEC-23,09-APR-19,07-APR-23,04-DEC-23,59
59,343926192,0524500,,LUIS SANCHEZ,701 W MASON ST,SPRINGFIELD,IL,62702,A,,N,S,,238160,B,B,I,B,,,,,,,,1802 N GREEN LN APT 3A,PALATINE,IL,60074,HOST_EST_KEY_VALUE,7,10-APR-19,03-DEC-23,10-APR-19,08-NOV-22,04-DEC-23,60
60,343922944,0524500,,"BLACKHAWK ROOFING, LLC",3624 FIELDING DR.,SPRINGFIELD,IL,62711,A,,N,S,,238160,B,B,I,B,,,,,,,,4208 SOUTHWOODS ROAD,SPRINGFIELD,IL,62711,HOST_EST_KEY_VALUE,5,10-APR-19,03-DEC-23,10-APR-19,15-APR-19,04-DEC-23,61
61,343941985,0524500,,"BRAHLER TIRE MART, INC.",531 EAST LAUREL STREET,SPRINGFIELD,IL,62703,A,,N,S,,811111,B,B,I,B,,,,,,,,531 EAST LAUREL STREET,SPRINGFIELD,IL,62703,HOST_EST_KEY_VALUE,6,18-APR-19,03-DEC-23,18-APR-19,27-JUN-19,04-DEC-23,62
62,343945283,0524500,,TEAM COMPANY,580 W NORTH ST,SPRINGFIELD,IL,62704,A,,N,H,,561320,G,B,I,B,,,,,,,,681 E LINTON AVE,SPRINGFIELD,IL,62703,HOST_EST_KEY_VALUE,19,18-APR-19,03-DEC-23,18-APR-19,01-JUL-19,04-DEC-23,63
63,343964607,0551702,,IL ENVIRONMENTAL PROTECTION AGENCY,1021 NORTH GRAND AVE EAST,SPRINGFIELD,IL,62702,C,,N,S,,921190,B,B,I,A,,,,,,,,P.O. BOX 19276 ATTN:  MR. JOHN J. KIM - ACTING DIRECTOR,SPRINGFIELD,IL,62794,HOST_EST_KEY_VALUE,500,24-APR-19,03-DEC-23,24-APR-19,29-MAY-19,04-DEC-23,64
64,343964557,0524500,,NUNEZ,1215 BUNN ST.,SPRINGFIELD,IL,62703,A,,N,S,,238160,B,D,C,B,,,,,,,,1320 W. COMMERCE DR.,PEORIA,IL,61615,HOST_EST_KEY_VALUE,1,26-APR-19,03-DEC-23,,29-APR-19,04-DEC-23,65
65,343972659,0551702,,IL SECRETARY OF STATE - KLEIN STREET,316 KLEIN STREET,SPRINGFIELD,IL,62702,C,,N,S,,921190,B,B,I,A,,,,,,,,213 STATE CAPITOL ATTN:  MR. JESSE WHITE - SECRETARY OF STATE,SPRINGFIELD,IL,62756,HOST_EST_KEY_VALUE,2,01-MAY-19,03-DEC-23,21-MAY-19,25-JUN-19,04-DEC-23,66
66,343976114,0551702,,IL SECRETARY OF STATE - JEFFERSON ST.,101 W. JEFFERSON,SPRINGFIELD,IL,62702,C,,N,S,,238210,B,B,I,A,,,,,,,,213 STATE CAPITOL ATTN: MR. JESSE WHITE - SECRETARY OF STATE,SPRINGFIELD,IL,62756,HOST_EST_KEY_VALUE,2,01-MAY-19,03-DEC-23,21-MAY-19,11-JUN-19,04-DEC-23,67
67,343991527,0524500,,ISSAAC FRANCIS,2629 E GRIFFITHS AVE,SPRINGFIELD,IL,62702,A,,N,S,,561730,M,D,I,B,,,,,,,,2171 S WIRT AVE,SPRINGFIELD,IL,62703,HOST_EST_KEY_VALUE,1,06-MAY-19,03-DEC-23,06-MAY-19,06-MAY-19,04-DEC-23,68
68,344014543,0524500,,"STANDARD AERO BUSINESS AVIATION SERVICES, LLC",1200 N AIRPORT DR,SPRINGFIELD,IL,62707,A,,N,S,,488190,B,B,I,B,,,,,,,,1200 N AIRPORT DR,SPRINGFIELD,IL,62707,HOST_EST_KEY_VALUE,215,16-MAY-19,03-DEC-23,16-MAY-19,22-OCT-19,04-DEC-23,69
69,343987251,0524500,,"CONSTRUCTION MANAGEMENT COMPANY, LLC",1100 W LINCOLNSHIRE BLVD.,SPRINGFIELD,IL,62703,A,,N,S,,236220,B,B,I,B,,,,,,,,5635 OSAGE BEACH PKWY.,OSAGE BEACH,MO,65065,HOST_EST_KEY_VALUE,2,16-MAY-19,03-DEC-23,16-MAY-19,16-MAY-19,04-DEC-23,70
70,344033147,0524500,,"OGLESBY & OGLESBY GUNMAKERS, INC.",744 W ANDREW RD,SPRINGFIELD,IL,62707,A,,N,H,,332994,H,B,I,B,,,,,,,,744 W ANDREW RD,SPRINGFIELD,IL,62707,HOST_EST_KEY_VALUE,1,23-MAY-19,03-DEC-23,23-MAY-19,05-AUG-19,04-DEC-23,71
71,344049135,0524500,,WENCESLAO GONZALES,1333 WABASH,SPRINGFIELD,IL,62704,A,,N,S,,238140,B,B,I,B,,,,,,,,4063 ELLISTON RD,MEMPHIS,TN,38111,HOST_EST_KEY_VALUE,4,07-JUN-19,03-DEC-23,07-JUN-19,10-JUN-19,04-DEC-23,72
72,344063383,0524500,,TOP IT ALL ROOFING,5370 OLD JACKSONVILLE RD.,SPRINGFIELD,IL,62711,A,,N,S,,238160,B,D,C,B,,,,,,,,3209 RIDGEWOOD AVE,SPRINGFIELD,IL,62702,HOST_EST_KEY_VALUE,0,07-JUN-19,03-DEC-23,07-JUN-19,10-JUN-19,04-DEC-23,73
73,344113766,0524500,,UNKNOWN CONTRACTOR,1123 N FRANKLIN AVE,SPRINGFIELD,IL,62701,A,,N,S,,238160,C,D,C,B,,,,,,,,1123 N FRANKLIN AVE,SPRINGFIELD,IL,62701,HOST_EST_KEY_VALUE,0,14-JUN-19,03-DEC-23,14-JUN-19,27-JUN-19,04-DEC-23,74
74,344109277,0524500,,"THORNBURGH ABATEMENT, INC.",701 N FIRST STREET,SPRINGFIELD,IL,62781,A,,N,H,,562910,C,B,I,A,,,,,,,,6280 KNOX DRIVE,SAINT LOUIS,MO,63101,HOST_EST_KEY_VALUE,16,26-JUN-19,03-DEC-23,26-JUN-19,20-JUL-21,04-DEC-23,75
75,344113709,0524500,,BOBBY SHAW BUILDING AND REMODELING INC.,1133 W. JEFFERSON ST. ACROSS FROM CASEY'S,SPRINGFIELD,IL,62702,A,,N,S,,238160,B,D,C,B,,,,,,,,2466 GLENCOE DR,SPRINGFIELD,IL,62704,HOST_EST_KEY_VALUE,0,27-JUN-19,03-DEC-23,27-JUN-19,02-JUL-19,04-DEC-23,76
76,344113840,0524500,,DAN GARREN,1531 WABASH AVE,SPRINGFIELD,IL,62704,A,,N,S,,238160,B,B,I,B,,,,,,,,1901 S SPRESSER ST,TAYLORVILLE,IL,62568,HOST_EST_KEY_VALUE,6,27-JUN-19,03-DEC-23,27-JUN-19,15-JUL-19,04-DEC-23,77
77,344138672,0524500,,"CERTIFIED TANK & MANUFACTURING, LLC.",2500 RICHARDS LN.,SPRINGFIELD,IL,62702,A,,N,H,,332420,H,B,I,B,,,,,,,,2500 RICHARDS LN,SPRINGFIELD,IL,62702,HOST_EST_KEY_VALUE,31,09-JUL-19,03-DEC-23,09-JUL-19,13-JAN-20,04-DEC-23,78
78,344148176,0524500,,"BLACKHAWK ROOFING, LLC",2811 W LAWRENCE AVE,SPRINGFIELD,IL,62704,A,,N,S,,238160,B,D,C,B,,,,,,,,4208 SOUTHWOODS ROAD,SPRINGFIELD,IL,62701,HOST_EST_KEY_VALUE,0,12-JUL-19,03-DEC-23,12-JUL-19,12-JUL-19,04-DEC-23,79
79,344171913,0524500,,"GALASSI MASONRY CONTRACTORS, INC.",2571 S KOKE MILL RD.,SPRINGFIELD,IL,62704,A,,N,S,,238140,B,B,I,B,,,,,,,,2464 PEERLESS MINE RD.,SPRINGFIELD,IL,62702,HOST_EST_KEY_VALUE,7,22-JUL-19,03-DEC-23,22-JUL-19,31-JUL-21,04-DEC-23,80
80,344171442,0524500,,UNKNOWN CONTRACTOR,2918 KIPLING CT,SPRINGFIELD,IL,62711,A,,N,S,,238160,B,D,C,B,,,,,,,,2918 KIPLING CT,SPRINGFIELD,IL,62711,HOST_EST_KEY_VALUE,1,22-JUL-19,03-DEC-23,22-JUL-19,26-JUL-19,04-DEC-23,81
81,344182704,0524500,,MIKE COADY,2940 N PEORIA RD.,SPRINGFIELD,IL,62702,A,,N,S,,238160,B,D,C,B,,,,,,,,5606 WILLIAMSVILLE ROAD,SHERMAN,IL,62684,HOST_EST_KEY_VALUE,1,22-JUL-19,03-DEC-23,22-JUL-19,26-JUL-19,04-DEC-23,82
82,344218060,0524500,,SCOOTER'S LAWN CARE INC.,3805 N DIRKSEN,SPRINGFIELD,IL,62707,A,,N,H,,561730,B,B,I,B,,,,,,,,3805 N DIRKSEN PKWY,SPRINGFIELD,IL,62707,HOST_EST_KEY_VALUE,6,08-AUG-19,03-DEC-23,08-AUG-19,07-MAY-20,04-DEC-23,83
83,344233366,0524500,,"BURASKI BUILDERS, INC",SOUTH GRAND AVE AND WIGGINS ST.,SPRINGFIELD,IL,62701,A,,N,S,,236115,B,B,I,B,,,,,,,,3757 S. 6TH ST.,SPRINGFIELD,IL,62701,HOST_EST_KEY_VALUE,28,15-AUG-19,03-DEC-23,15-AUG-19,25-OCT-19,04-DEC-23,84
84,344265400,0524500,,UNKNOWN CONTRACTOR,3133 S DIRKSEN PARKWAY,SPRINGFIELD,IL,62704,A,,N,S,,236210,B,D,C,B,,,,,,,,3133 S DIRKSEN PARKWAY,SPRINGFIELD,IL,62704,HOST_EST_KEY_VALUE,0,22-AUG-19,03-DEC-23,22-AUG-19,22-AUG-19,04-DEC-23,85
85,344255716,0521700,,"ARENA FOOD SERVICE, INC.","993 CLOCKTOWER DRIVE, SUITE D",SPRINGFIELD,IL,62704,A,,N,S,,722310,C,B,I,B,,,,,,,,1 VETERANS DRIVE,MANTENO,IL,60950,HOST_EST_KEY_VALUE,60,23-AUG-19,03-DEC-23,23-AUG-19,06-DEC-19,04-DEC-23,86
86,344272877,0524500,,"MATCHLESS ROOFING, LLC",2700 S. MACARTHUR BLVD.,SPRINGFIELD,IL,62704,A,,N,S,,238160,B,B,I,B,,,,,,,,5372 LANFORD SPRINGS CT.  SW,LILBURN,GA,30047,HOST_EST_KEY_VALUE,5,29-AUG-19,03-DEC-23,29-AUG-19,24-SEP-19,04-DEC-23,87
87,344296371,0524500,,"NIEMANN FOODS, INC.",1903 W MONROE STREET,SPRINGFIELD,IL,62704,A,,N,S,,445110,M,B,I,B,,,,,,,,1903 W MONROE STREET,SPRINGFIELD,IL,62704,HOST_EST_KEY_VALUE,130,10-SEP-19,03-DEC-23,10-SEP-19,04-OCT-19,04-DEC-23,88
88,344322771,0524500,,B & H ROOFING,ASH GROVE APARTMENTS ASH GROVE DR.,SPRINGFIELD,IL,62711,A,,N,S,,238160,B,D,C,B,,,,,,,,306 MELODY LN,VIRDEN,IL,62690,HOST_EST_KEY_VALUE,0,20-SEP-19,03-DEC-23,20-SEP-19,23-SEP-19,04-DEC-23,89
89,344377007,0524500,,HENSON ROBINSON COMPANY,2201 TORONTO RD.,SPRINGFIELD,IL,62712,A,,N,S,,238160,C,B,I,A,,,,,,,,3550 GREAT NORTHERN AVE,SPRINGFIELD,IL,62702,HOST_EST_KEY_VALUE,13,09-OCT-19,03-DEC-23,09-OCT-19,18-DEC-19,04-DEC-23,90
90,344431366,0524500,,BRANDON TEDRICK,3201 OLD JACKSONVILLE ROAD,SPRINGFIELD,IL,62711,A,,N,S,,238160,B,B,I,B,,,,,,,,2110 N. REPUBLIC,SPRINGFIELD,IL,62702,HOST_EST_KEY_VALUE,5,06-NOV-19,03-DEC-23,06-NOV-19,18-MAR-20,04-DEC-23,91
91,344437744,0524500,,"CAST INDUSTRIES, INC.",580 NORTH ST.,SPRINGFIELD,IL,62704,A,,N,H,,339920,B,B,I,B,,,,,,,,580 NORTH ST.,SPRINGFIELD,IL,62704,HOST_EST_KEY_VALUE,64,08-NOV-19,03-DEC-23,08-NOV-19,11-MAR-21,04-DEC-23,92
92,344459532,0524500,,UNKNOWN CONTRACTOR,3151 DIRKSEN PKY (CAPITAL CITY SHOPPING CENTER),SPRINGFIELD,IL,62703,A,,N,S,,238160,B,D,C,B,,,,,,,,3151 DIRKSEN PKY (CAPITAL CITY SHOPPING CENTER),SPRINGFIELD,IL,62703,HOST_EST_KEY_VALUE,0,18-NOV-19,03-DEC-23,18-NOV-19,18-NOV-19,04-DEC-23,93
93,344459730,0524500,,"JACKSONVILLE INSULATION & CONSTRUCTION, INC.",800 HAZEL DELL ROAD A1 U-STORE-IT SELF STORAGE,SPRINGFIELD,IL,62711,A,,N,S,,238160,B,B,I,B,,,,,,,,2018 SOUTHBROOKE ROAD,JACKSONVILLE,IL,62650,HOST_EST_KEY_VALUE,13,18-NOV-19,03-DEC-23,18-NOV-19,11-MAR-20,04-DEC-23,94
94,344560032,0524500,,"NEGRO NEST, LLC DBA SERVPRO OF SPRINGFIELD",3750 LUMBER RD,SPRINGFIELD,IL,62707,A,,N,H,,562910,B,B,I,B,,,,,,,,2450 COLT RD,SPRINGFIELD,IL,62707,HOST_EST_KEY_VALUE,26,15-JAN-20,03-DEC-23,15-JAN-20,29-MAY-20,04-DEC-23,95
95,344560065,0524500,,"NEGRO NEST, LLC DBA SERVPRO OF SPRINGFIELD",2450 COLT RD,SPRINGFIELD,IL,62707,A,,N,S,,562910,B,B,I,B,,,,,,,,2450 COLT RD,SPRINGFIELD,IL,62707,HOST_EST_KEY_VALUE,26,15-JAN-20,03-DEC-23,15-JAN-20,29-MAY-20,04-DEC-23,96
96,344625827,0524500,,HART - CLAYTON INC.,2000 E CORNELL AVE,SPRINGFIELD,IL,62703,A,,N,S,,321920,H,B,I,B,,,,,,,,2000 E CORNELL AVE,SPRINGFIELD,IL,62703,HOST_EST_KEY_VALUE,26,05-FEB-20,03-DEC-23,05-FEB-20,06-AUG-20,04-DEC-23,97
97,344625744,0524500,,"BLACKHAWK ROOFING, LLC",5TH AND WASHINGTON,SPRINGFIELD,IL,62711,A,,N,S,,238160,B,D,C,B,,,,,,,,4208 SOUTHWOODS RD,SPRINGFIELD,IL,62711,HOST_EST_KEY_VALUE,0,05-FEB-20,03-DEC-23,05-FEB-20,06-FEB-20,04-DEC-23,98
98,344661145,0524500,,O'DELL TRUCKING INCORPORATED,CORNER 4TH AND CARPENTER STREET,SPRINGFIELD,IL,62703,A,,N,S,,484220,I,B,I,B,,,,,,,,1736 S. CAMP BUTLER ROAD,SPRINGFIELD,IL,62707,HOST_EST_KEY_VALUE,16,11-FEB-20,03-DEC-23,26-FEB-20,06-MAY-20,04-DEC-23,99
99,344627195,0524500,,"HAROLD O'SHEA BUILDERS, INC.",701 SOUTH 4TH STREET,SPRINGFIELD,IL,62703,A,,N,S,,236210,H,B,I,A,,,,,,,,3401 CONSTITUTION DRIVE,SPRINGFIELD,IL,62711,HOST_EST_KEY_VALUE,350,11-FEB-20,03-DEC-23,11-FEB-20,07-AUG-20,04-DEC-23,100
100,344625124,0524500,,DAN GARREN DBA CYDE ENTERPRISES,112 W. COOK,SPRINGFIELD,IL,62704,A,,N,S,,238160,B,B,I,B,,,,,,,,P.O. BOX 146,TAYLORVILLE,IL,62568,HOST_EST_KEY_VALUE,6,11-FEB-20,03-DEC-23,11-FEB-20,24-FEB-22,04-DEC-23,101
101,344625447,0524500,,"BLACKHAWK ROOFING, LLC",1712 S. WHITTIER,SPRINGFIELD,IL,62704,A,,N,S,,238160,B,B,I,B,,,,,,,,4208 SOUTHWOODS RD,SPRINGFIELD,IL,62711,HOST_EST_KEY_VALUE,7,11-FEB-20,03-DEC-23,11-FEB-20,07-JUL-21,04-DEC-23,102
102,344623335,0524500,,"PALLET WORLD, LLC",1650 N 14TH ST.,SPRINGFIELD,IL,62702,A,,N,S,,321920,H,B,I,B,,,,,,,,1650 N 14TH ST.,SPRINGFIELD,IL,62702,HOST_EST_KEY_VALUE,1,12-FEB-20,03-DEC-23,30-APR-20,07-APR-23,04-DEC-23,103
103,344693239,0524500,,"CAPITOL ROOFING SOLUTIONS, L.L.C.",2809 N. DIRKSEN PARKWAY,SPRINGFIELD,IL,62702,A,,N,S,,238160,B,B,I,B,,,,,,,,2425 AMANN DRIVE,BELLEVILLE,IL,62221,HOST_EST_KEY_VALUE,6,12-MAR-20,03-DEC-23,12-MAR-20,11-APR-22,04-DEC-23,104
104,344756309,0524500,,"SOLOMON COLORS, INC.",4050 NORTH COLOR PLANT RD,SPRINGFIELD,IL,62702,A,,N,S,,325131,C,B,I,B,,,,,,,,4050 NORTH COLOR PLANT RD,SPRINGFIELD,IL,62702,HOST_EST_KEY_VALUE,100,19-MAY-20,03-DEC-23,19-MAY-20,13-JAN-21,04-DEC-23,105
105,344757729,0524500,,"EXPRESS SERVICES, INC. DBA EXPRESS EMPLOYMENT PROFESSIONALS",4050 WATER WORKS RD,SPRINGFIELD,IL,62702,A,,N,S,,325130,G,B,I,B,,,,,,,,3000 PROFESSIONAL DR,SPRINGFIELD,IL,62703,HOST_EST_KEY_VALUE,10,19-MAY-20,03-DEC-23,19-MAY-20,21-AUG-20,04-DEC-23,106
106,344789110,0524500,,UNKNOWN CONTRACTOR,1222 W MONROE STREET,SPRINGFIELD,IL,62715,A,,N,S,,238160,B,D,C,B,,,,,,,,1222 W MONROE STREET,SPRINGFIELD,IL,62715,HOST_EST_KEY_VALUE,0,11-JUN-20,03-DEC-23,11-JUN-20,11-JUN-20,04-DEC-23,107
107,344846605,0524500,,JAREN INDUSTRIES INCORPORATED,6868 PEC ROAD,SPRINGFIELD,IL,62711,A,,N,S,,238910,B,D,C,B,,,,,,,,6868 PEC ROAD,SPRINGFIELD,IL,62711,HOST_EST_KEY_VALUE,0,20-JUL-20,03-DEC-23,20-JUL-20,20-JUL-20,04-DEC-23,108
108,344926985,0524500,,"DBS GROUP, LLC",3001 S VETERANS PKWY,SPRINGFIELD,IL,62704,A,,N,S,,236220,B,B,I,B,,,,,,,,2700 NATIONAL DRIVE #101,ONALASKA,WI,54650,HOST_EST_KEY_VALUE,1,12-AUG-20,03-DEC-23,12-AUG-20,28-OCT-20,04-DEC-23,109
109,344884523,0524500,,UNKNOWN CONTRACTOR,4700 BLOCK OF W WABASH,SPRINGFIELD,IL,62711,A,,N,S,,236220,B,D,C,B,,,,,,,,4700 BLOCK OF W WABASH,SPRINGFIELD,IL,62711,HOST_EST_KEY_VALUE,0,17-AUG-20,03-DEC-23,17-AUG-20,26-AUG-20,04-DEC-23,110
110,344899562,0524500,,SAM'S ITALIAN PIZZA INC.,731 N. GRAND AVE E.,SPRINGFIELD,IL,62702,A,,N,S,,722211,B,B,I,B,,,,,,,,731 N. GRAND AVE E.,SPRINGFIELD,IL,62702,HOST_EST_KEY_VALUE,3,26-AUG-20,03-DEC-23,24-SEP-20,30-SEP-20,04-DEC-23,111
111,344936679,0524500,,"CAST INDUSTRIES, INC.",580 NORTH ST.,SPRINGFIELD,IL,62704,A,,N,H,,339920,B,B,I,B,,,,,,,,580 NORTH ST.,SPRINGFIELD,IL,62704,HOST_EST_KEY_VALUE,75,21-SEP-20,03-DEC-23,21-SEP-20,26-FEB-21,04-DEC-23,112
112,344941364,0524500,,VANDENBERGH EXCAVATING LLC,534 NORTH GRAND AVE. WEST,SPRINGFIELD,IL,62702,A,,N,S,,237110,B,D,I,B,,,,,,,,1289 CANNON ROAD,ASHLAND,IL,62612,HOST_EST_KEY_VALUE,1,23-SEP-20,03-DEC-23,23-SEP-20,09-OCT-20,04-DEC-23,113
113,344974225,0524500,,BENJIE HOLMES,4319 YUCAN DRIVE,SPRINGFIELD,IL,62711,A,,N,S,,238130,B,B,I,B,,,,,,,,100 S. STOWE STREET,VIRGINIA,IL,62691,HOST_EST_KEY_VALUE,4,08-OCT-20,03-DEC-23,08-OCT-20,23-FEB-21,04-DEC-23,114
114,344990916,0551702,,IL DEPT. OF PUBLIC HEALTH - SPRINGFIELD,525-535 WEST JEFFERSON,SPRINGFIELD,IL,62761,C,,N,H,,921190,B,B,I,A,,,,,,,,525-535 WEST JEFFERSON ST. ATTN:  DR. NGOZI EZIKE - DIRECTOR,SPRINGFIELD,IL,62761,HOST_EST_KEY_VALUE,531,27-OCT-20,03-DEC-23,27-OCT-20,22-JAN-21,04-DEC-23,115
115,344999495,0551702,,IL SECRETARY OF STATE - HOWLETT BLDG,501 S 2ND ST,SPRINGFIELD,IL,62756,C,,N,H,,921190,B,B,I,A,,,,,,,,213 STATE CAPITOL ATTN:  MR. JESSE WHITE - SECRETARY OF STATE,SPRINGFIELD,IL,62756,HOST_EST_KEY_VALUE,800,28-OCT-20,03-DEC-23,28-OCT-20,01-DEC-20,04-DEC-23,116
116,345019533,0524500,,CHASTELLOS ROOFING,722 S 12TH ST.,SPRINGFIELD,IL,62703,A,,N,S,,238160,B,D,C,B,,,,,,,,722 S 12TH ST.,SPRINGFIELD,IL,62703,HOST_EST_KEY_VALUE,0,29-OCT-20,03-DEC-23,29-OCT-20,29-OCT-20,04-DEC-23,117
117,345046551,0524500,,"SPRINGFIELD CARE CENTER, LLC",525 S. MARTIN LUTHER KING DR.,SPRINGFIELD,IL,62703,A,,N,H,,623110,M,B,I,B,,,,,,,,525 S MARTIN LUTHER KING DR,SPRINGFIELD,IL,62703,HOST_EST_KEY_VALUE,47,03-DEC-20,03-DEC-23,27-APR-21,11-JUN-21,04-DEC-23,118
118,345074272,0524500,,LEWIS MEMORIAL CHRISTIAN VILLAGE,3400 WEST WASHINGTON,SPRINGFIELD,IL,62711,A,,N,H,,623110,C,B,I,B,,,,,,,,3400 WEST WASHINGTON,SPRINGFIELD,IL,62711,HOST_EST_KEY_VALUE,226,10-DEC-20,03-DEC-23,02-FEB-21,11-JUN-21,04-DEC-23,119
119,345077184,0524500,,UNKNOWN CONTRACTOR,2873 N DIRKSEN PKWY,SPRINGFIELD,IL,62702,A,,N,S,,238990,B,D,C,B,,,,,,,,2873 N DIRKSEN PKWY,SPRINGFIELD,IL,62702,HOST_EST_KEY_VALUE,1,22-DEC-20,03-DEC-23,,23-DEC-20,04-DEC-23,120
120,345085245,0524500,,VINCE HUTCHENS,2873 N. DIRKSEN PARKWAY,SPRINGFIELD,IL,62702,A,,N,S,,238910,B,B,I,B,,,,,,,,701 N. 17TH ST.,SPRINGFIELD,IL,62702,HOST_EST_KEY_VALUE,3,05-JAN-21,03-DEC-23,05-JAN-21,,04-DEC-23,121
121,345146245,0524500,,UNITED STATES POSTAL SERVICE,3013 FOX BRIDGE ROAD,SPRINGFIELD,IL,62703,A,,N,S,,491110,C,B,I,A,,,,,,,,1921 E SANGAMON AVE,SPRINGFIELD,IL,62702,HOST_EST_KEY_VALUE,672373,12-FEB-21,03-DEC-23,12-FEB-21,10-JUN-21,04-DEC-23,122
122,345176036,0524500,,"GARNEAU CONSTRUCTION, INC.",WALTON DR. AND N. DIRKSEN PKWY,SPRINGFIELD,IL,62702,A,,N,S,,238140,B,B,I,B,,,,,,,,21774 E 1300 N RD,BLOOMINGTON,IL,61705,HOST_EST_KEY_VALUE,11,04-MAR-21,03-DEC-23,04-MAR-21,29-JUN-21,04-DEC-23,123
123,345198402,0524500,,CAVALIER CARTAGE CO.,4840 JEFFORY STREET,SPRINGFIELD,IL,62703,A,,N,S,,484110,C,B,I,B,,,,,,,,4840 JEFFORY STREET,SPRINGFIELD,IL,62703,HOST_EST_KEY_VALUE,12,16-MAR-21,03-DEC-23,09-AUG-21,15-SEP-22,04-DEC-23,124
124,345198436,0524500,,"UNITED PARCEL SERVICE, INC.",3149 WIDE TRACK DR.,SPRINGFIELD,IL,62703,A,,N,S,,492110,D,B,I,A,,,,,,,,3149 WIDE TRACK DR.,SPRINGFIELD,IL,62703,HOST_EST_KEY_VALUE,167,16-MAR-21,03-DEC-23,23-APR-21,26-APR-21,04-DEC-23,125
125,345262349,0524500,,RESTAURANT EQUIPMENT SERVICE GROUP LLC,2318 WABASH AVE,SPRINGFIELD,IL,62704,A,,N,S,,238220,C,B,I,B,,,,,,,,200 COLLINSVILLE ROAD,TROY,IL,62294,HOST_EST_KEY_VALUE,36,26-MAR-21,03-DEC-23,26-MAR-21,02-JUL-21,04-DEC-23,126
126,345278477,0524500,,"JOYNER CONSTRUCTION SERVICES, INC.",4640 ASH GROVE DRIVE,SPRINGFIELD,IL,62711,A,,N,S,,236116,B,D,C,B,,,,,,,,4003 YUCAN DRIVE,SPRINGFIELD,IL,62711,HOST_EST_KEY_VALUE,0,21-APR-21,03-DEC-23,21-APR-21,21-APR-21,04-DEC-23,127
127,345281869,0524500,,UNITED STATES POSTAL SERVICE,1927 E. SANGAMON AVE.,SPRINGFIELD,IL,62702,A,,N,H,,491110,B,B,I,B,,,,,,,,1927 E. SANGAMON AVE.,SPRINGFIELD,IL,62702,HOST_EST_KEY_VALUE,50,27-APR-21,03-DEC-23,27-APR-21,20-MAY-21,04-DEC-23,128
128,345290381,0524500,,"WALKER BUILDERS, LLC",4640 ASH GROVE DR.,SPRINGFIELD,IL,62711,A,,N,S,,236116,B,B,I,B,,,,,,,,914 W. MARKET ST.,TAYLORVILLE,IL,62568,HOST_EST_KEY_VALUE,5,05-MAY-21,03-DEC-23,05-MAY-21,,04-DEC-23,129
129,345289136,0524500,,JONES LANG LASALLE INC.,313 S. 6TH ST.,SPRINGFIELD,IL,62701,A,,N,S,,531210,B,B,I,B,,,,,,,,200 EAST RANDOLPH ST.,CHICAGO,IL,60601,HOST_EST_KEY_VALUE,2,05-MAY-21,03-DEC-23,01-SEP-21,01-NOV-21,04-DEC-23,130
130,345291777,0524500,,"TERRY BROWN EXCAVATING, INC.",3184 DIRKSEN PARKWAY,SPRINGFIELD,IL,62703,A,,N,S,,237110,B,D,C,B,,,,,,,,322 WILLIAMS LANE,CHATHAM,IL,62629,HOST_EST_KEY_VALUE,1,06-MAY-21,03-DEC-23,06-MAY-21,22-JUN-21,04-DEC-23,131
131,345331268,0524500,,"TRI MURTI GROUP, LLC",1701 J DAVID JONES PARKWAY,SPRINGFIELD,IL,62702,A,,N,H,,721110,B,B,I,B,,,,,,,,1701 J DAVID JONES PARKWAY,SPRINGFIELD,IL,62702,HOST_EST_KEY_VALUE,6,24-MAY-21,03-DEC-23,,,04-DEC-23,132
132,345339444,0551702,,IL SECRETARY OF STATE - 316 KLEIN STREET PAINT SHOP,316 N KLEIN STREET,SPRINGFIELD,IL,62702,C,,N,H,,238320,B,B,I,A,,,,,,,,213 STATE CAPITOL ATTN:  MR. JESSE WHITE - SECRETARY OF STATE,SPRINGFIELD,IL,62756,HOST_EST_KEY_VALUE,28,02-JUN-21,03-DEC-23,02-JUN-21,19-AUG-21,04-DEC-23,133
133,345360317,0551702,,CITY OF SPRINGFIELD - CWLP,1013 REYNOLDS STREET,SPRINGFIELD,IL,62702,B,,Y,H,,221121,M,B,I,A,,,,,,,,800 E MONROE STREET ATTN:  MR. JAMES O. LANGFELDER - MAYOR,SPRINGFIELD,IL,62701,HOST_EST_KEY_VALUE,523,07-JUN-21,03-DEC-23,07-JUN-21,13-OCT-21,04-DEC-23,134
134,345388052,0551702,,CITY OF SPRINGFIELD - CWLP,1600 GROTH STREET,SPRINGFIELD,IL,62712,B,,Y,S,,221121,M,B,I,A,,,,,,,,800 E MONROE ATTN:  MR. JAMES O. LANGFELDER - MAYOR,SPRINGFIELD,IL,62701,HOST_EST_KEY_VALUE,523,24-JUN-21,03-DEC-23,24-JUN-21,06-AUG-21,04-DEC-23,135
135,345425276,0524500,,E.L. PRUITT COMPANY,2850 CIDER MILL LANE,SPRINGFIELD,IL,62702,A,,N,S,,238220,C,B,I,A,,,,,,,,3090 COLT ROAD,SPRINGFIELD,IL,62707,HOST_EST_KEY_VALUE,173,14-JUL-21,03-DEC-23,14-JUL-21,01-DEC-21,04-DEC-23,136
136,345484885,0524500,,KONE INC.,313 S. 6TH ST.,SPRINGFIELD,IL,62701,A,,N,S,,811310,G,B,I,A,,,,,,,,2908 OLD ROCHESTER RD.,SPRINGFIELD,IL,62703,HOST_EST_KEY_VALUE,50,19-AUG-21,03-DEC-23,21-OCT-21,25-OCT-21,04-DEC-23,137
137,345507545,0524500,,BERG & ROBESON PC,1217 SOUTH 6TH STREET,SPRINGFIELD,IL,62703,A,,N,H,,541110,B,B,I,B,,,,,,,,1217 SOUTH 6TH STREET,SPRINGFIELD,IL,62703,HOST_EST_KEY_VALUE,2,30-AUG-21,03-DEC-23,30-AUG-21,14-JAN-22,04-DEC-23,138
138,345507503,0524500,,"CAST INDUSTRIES, INC.",580 NORTH ST.,SPRINGFIELD,IL,62704,A,,N,H,,339920,C,B,I,B,,,,,,,,580 NORTH ST.,SPRINGFIELD,IL,62704,HOST_EST_KEY_VALUE,45,31-AUG-21,03-DEC-23,31-AUG-21,24-JUN-22,04-DEC-23,139
139,345511570,0524500,,LINCOLN PRAIRIE BEHAVIORAL HEALTH CENTER,5230 S 6TH STREET ROAD,SPRINGFIELD,IL,62703,A,,N,H,,621112,B,B,I,B,,,,,,,,5230 S 6TH STREET ROAD,SPRINGFIELD,IL,62703,HOST_EST_KEY_VALUE,246,01-SEP-21,03-DEC-23,01-SEP-21,15-FEB-23,04-DEC-23,140
140,345518096,0551702,,CITY OF SPRINGFIELD - CWLP - DALLMAN POWERPLANT,3100 STEVENSON DRIVE,SPRINGFIELD,IL,62703,B,,N,S,,221112,B,B,I,A,,,,,,,,800 EAST MONROE ST. ATTN:  MR. JAMES O. LANGFELDER - MAYOR,SPRINGFIELD,IL,62701,HOST_EST_KEY_VALUE,130,07-SEP-21,03-DEC-23,07-SEP-21,08-DEC-21,04-DEC-23,141
141,345535991,0524500,,BUNN-O-MATIC CORPORATION,1400 ADLAI STEVENSON DRIVE,SPRINGFIELD,IL,62703,A,,N,S,,335210,B,B,I,B,,,,,,,,"ATTN: BRIAN ALEXANDER, PLANT MANAGER 1400 ADLAI STEVENSON DRIVE",SPRINGFIELD,IL,62703,HOST_EST_KEY_VALUE,500,14-SEP-21,03-DEC-23,14-SEP-21,14-JAN-22,04-DEC-23,142
142,345536874,0551702,,IL DEPT. OF HUMAN SERVICES - MCFARLAND MENTAL HEALTH CENTER,901 SOUTHWIND DR.,SPRINGFIELD,IL,62703,C,,Y,H,,622210,G,B,I,A,,,,,,,,"100 S GRAND AVE E 3RD FLOOR ATTN - GRACE HOU, DHS ADMINISTRATOR, SECRETARY OF THE ILLINOIS DEPARTMENT OF HUMAN SERVICES",SPRINGFIELD,IL,62762,HOST_EST_KEY_VALUE,246,21-SEP-21,03-DEC-23,22-SEP-21,07-OCT-21,04-DEC-23,143
143,345551055,0524500,,"SOLOMON COLORS, INC.",4050 NORTH COLOR PLANT RD,SPRINGFIELD,IL,62702,A,,N,S,,325130,C,B,I,B,,,,,,,,P.O. BOX 8288,SPRINGFIELD,IL,62791,HOST_EST_KEY_VALUE,120,28-SEP-21,03-DEC-23,28-SEP-21,31-JAN-22,04-DEC-23,144
144,345574784,0524500,,SMITH GENERAL CONTRACTING INC.,908 S MARTIN LUTHER KING JR DR,SPRINGFIELD,IL,62703,A,,N,S,,238160,B,B,I,B,,,,,,,,3112 S 12TH STREET,SPRINGFIELD,IL,62703,HOST_EST_KEY_VALUE,6,12-OCT-21,03-DEC-23,12-OCT-21,28-AUG-23,04-DEC-23,145
145,345600522,0524500,,"BLACKHAWK ROOFING, LLC",1730 W JEFFERSON,SPRINGFIELD,IL,62701,A,,N,S,,238160,B,B,I,B,,,,,,,,4208 SOUTHWOODS RD,SPRINGFIELD,IL,62711,HOST_EST_KEY_VALUE,6,26-OCT-21,03-DEC-23,26-OCT-21,04-NOV-21,04-DEC-23,146
146,345600555,0524500,,B & H ROOFING LLC,3800 STADIUM DR,SPRINGFIELD,IL,62701,A,,N,S,,238160,H,D,I,B,,,,,,,,6740 ILLINI DRIVE,VIRDEN,IL,62690,HOST_EST_KEY_VALUE,2,26-OCT-21,03-DEC-23,26-OCT-21,12-NOV-21,04-DEC-23,147
147,345632608,0524500,,"PRAIRIE SMOKEHOUSE PARTNERS, LLC",2601 COLT ROAD,SPRINGFIELD,IL,62707,A,,N,S,,311612,C,B,I,B,,,,,,,,2601 COLT ROAD,SPRINGFIELD,IL,62707,HOST_EST_KEY_VALUE,45,10-NOV-21,03-DEC-23,10-NOV-21,09-JAN-23,04-DEC-23,148
148,345652374,0551702,,SANGAMON COUNTY WATER RECLAMATION DISTRICT,3000 NORTH 8TH STREET ROAD,SPRINGFIELD,IL,62707,B,,N,S,,221320,B,B,I,A,,,,,,,,3000 NORTH 8TH STREET ROAD ATTN:  MR. RICHARD T. CIOTTI - BOARD PRESIDENT,SPRINGFIELD,IL,62707,HOST_EST_KEY_VALUE,74,22-NOV-21,03-DEC-23,22-NOV-21,25-JAN-22,04-DEC-23,149
149,345658488,0524500,,PERSONNEL PLACEMENT INC,4050 NORTH COLOR PLANT ROAD,SPRINGFIELD,IL,62702,A,,N,S,,561320,C,B,I,B,,,,,,,,3000 PROFESSIONAL DR,SPRINGFIELD,IL,62703,HOST_EST_KEY_VALUE,37,30-NOV-21,03-DEC-23,30-NOV-21,13-DEC-21,04-DEC-23,150
150,345670970,0524500,,SUNLEY ROOFING INC.,169 ARCHER AVE,SPRINGFIELD,IL,62704,A,,N,S,,236115,B,B,I,B,,,,,,,,2274 MCKINNIE RD,SPRINGFIELD,IL,62707,HOST_EST_KEY_VALUE,6,06-DEC-21,03-DEC-23,06-DEC-21,23-MAR-22,04-DEC-23,151
151,345692032,0524500,,ACOSTA-ANGELI CONSTRUCTION,4101 W ILES AVE CONCORDIA VILLAGE,SPRINGFIELD,IL,62711,A,,N,S,,238160,B,B,I,B,,,,,,,,1058 NORTH 6TH STREET,SPRINGFIELD,IL,62702,HOST_EST_KEY_VALUE,8,15-DEC-21,03-DEC-23,15-DEC-21,02-MAR-23,04-DEC-23,152
152,345782171,0524500,,"KING-LAR ROOFING, INC.",3101 SOUTH VETERANS PARKWAY,SPRINGFIELD,IL,62704,A,,N,S,,238160,C,B,I,A,,,,,,,,P.O. BOX 986,DECATUR,IL,62526,HOST_EST_KEY_VALUE,10,09-FEB-22,03-DEC-23,09-FEB-22,01-JUL-22,04-DEC-23,153
153,345779789,0524500,,SUNLEY ROOFING INC.,2901 E SANGAMON AVENUE,SPRINGFIELD,IL,62707,A,,N,S,,236115,B,D,C,B,,,,,,,,2274 MCKINNIE RD,SPRINGFIELD,IL,62707,HOST_EST_KEY_VALUE,0,09-FEB-22,03-DEC-23,09-FEB-22,08-MAR-22,04-DEC-23,154
154,345801930,0524500,,BUNN-O-MATIC CORPORATION,1200 BUNN AV.,SPRINGFIELD,IL,62703,A,,N,S,,335210,C,B,I,B,,,,,,,,1400 STEVENSON DR.,SPRINGFIELD,IL,62704,HOST_EST_KEY_VALUE,450,24-FEB-22,03-DEC-23,24-FEB-22,18-MAY-22,04-DEC-23,155
155,345833925,0524500,,CORY BRUNS,3056 SOUTH 11TH STREET,SPRINGFIELD,IL,62703,A,,N,S,,236118,B,B,I,B,,,,,,,,716 GRAND AVENUE,LINCOLN,IL,62656,HOST_EST_KEY_VALUE,3,08-MAR-22,03-DEC-23,08-MAR-22,,04-DEC-23,156
156,345886998,0524500,,"MEL-O-CREAM DONUTS INTERNATIONAL, INC.",5456 INTERNATIONAL PARKWAY,SPRINGFIELD,IL,62711,A,,N,S,,311812,D,B,I,A,,,,,,,,5456 INTERNATIONAL PARKWAY,SPRINGFIELD,IL,62711,HOST_EST_KEY_VALUE,70,08-APR-22,03-DEC-23,08-APR-22,27-JUN-22,04-DEC-23,157
157,345903173,0524500,,SMITH GENERAL CONTRACTING AND ROOFING,1930 6TH STREET,SPRINGFIELD,IL,62703,A,,N,S,,238160,B,D,C,B,,,,,,,,3112 SOUTH 12TH STREET,SPRINGFIELD,IL,62703,HOST_EST_KEY_VALUE,6,13-APR-22,03-DEC-23,13-APR-22,13-APR-22,04-DEC-23,158
158,345901227,0524500,,"GREEN FAMILY STORES, INC.",3881 WABASH AVE.,SPRINGFIELD,IL,62711,A,,N,H,,441110,D,B,I,B,,,,,,,,3881 WABASH AVE.,SPRINGFIELD,IL,62711,HOST_EST_KEY_VALUE,80,15-APR-22,03-DEC-23,15-APR-22,24-AUG-22,04-DEC-23,159
159,345914071,0524500,,"GREEN DEMOLITION CONTRACTORS, INC.",310 E WASHINGTON STREET,SPRINGFIELD,IL,62701,A,,N,S,,238910,C,B,I,B,,,,,,,,4840 S. ST. LOUIS AVENUE SUITE 100,CHICAGO,IL,60632,HOST_EST_KEY_VALUE,7,21-APR-22,03-DEC-23,21-APR-22,13-JUL-22,04-DEC-23,160
160,345934863,0524500,,SUNLEY ROOFING INC.,2400 E ASH,SPRINGFIELD,IL,62702,A,,N,S,,236115,B,B,I,B,,,,,,,,2274 MCKINNIE RD,SPRINGFIELD,IL,62707,HOST_EST_KEY_VALUE,9,03-MAY-22,03-DEC-23,03-MAY-22,09-MAY-22,04-DEC-23,161
161,345951750,0524500,,"SOLOMON COLORS, INC.",4050 NORTH COLOR PLANT RD,SPRINGFIELD,IL,62702,A,,N,H,,325130,B,B,I,B,,,,,,,,P.O. BOX 8288,SPRINGFIELD,IL,62791,HOST_EST_KEY_VALUE,119,11-MAY-22,03-DEC-23,11-MAY-22,30-JUN-22,04-DEC-23,162
162,345951909,0524500,,"BRE SOGRAND, INC.",501 S. GRAND AVE.,SPRINGFIELD,IL,62703,A,,N,S,,722513,C,B,I,B,,,,,,,,1258 SUN RD,WASHBURN,IL,61570,HOST_EST_KEY_VALUE,64,11-MAY-22,03-DEC-23,11-MAY-22,15-SEP-22,04-DEC-23,163
163,345972525,0524500,,ST. JOHN'S HOSPITAL OF THE HOSPITAL SISTERS OF THE THIRD ORDER OF ST. FRANCIS,800 E CARPENTER ST,SPRINGFIELD,IL,62769,A,,N,H,,622110,D,B,I,B,,,,,,,,800 CARPENTER STREET,SPRINGFIELD,IL,62701,HOST_EST_KEY_VALUE,2500,20-MAY-22,03-DEC-23,20-MAY-22,18-OCT-22,04-DEC-23,164
164,345975221,0524500,,HSHS MEDICAL GROUP,3051 HOLLIS DRIVE,SPRINGFIELD,IL,62704,A,,N,H,,561110,D,D,I,B,,,,,,,,3051 HOLLIS DRIVE,SPRINGFIELD,IL,62704,HOST_EST_KEY_VALUE,300,20-MAY-22,03-DEC-23,20-MAY-22,11-JUL-22,04-DEC-23,165
165,345996524,0524500,,"AVENUES AT ARCADIA SPRINGFIELD, LLC",525 SOUTH MARTIN LUTHER KING JUNIOR DRIVE,SPRINGFIELD,IL,62703,A,,N,H,,623110,F,B,I,B,,,,,,,,525 SOUTH MARTIN LUTHER KING JUNIOR DRIVE,SPRINGFIELD,IL,62703,HOST_EST_KEY_VALUE,50,02-JUN-22,03-DEC-23,02-JUN-22,07-NOV-22,04-DEC-23,166
166,345996599,0524500,,LEWIS MEMORIAL CHRISTIAN VILLAGE,3400 WEST WASHINGTON,SPRINGFIELD,IL,62711,A,,N,H,,623110,F,B,I,B,,,,,,,,3400 WEST WASHINGTON,SPRINGFIELD,IL,62711,HOST_EST_KEY_VALUE,190,02-JUN-22,03-DEC-23,02-JUN-22,13-OCT-22,04-DEC-23,167
167,345997738,0524500,,KATHY WITHERS,3300 ROBINS RD,SPRINGFIELD,IL,62702,A,,N,S,,238160,B,B,I,B,,,,,,,,3209 RIDGEWOOD AVE,SPRINGFIELD,IL,62702,HOST_EST_KEY_VALUE,6,03-JUN-22,03-DEC-23,03-JUN-22,10-JUN-22,04-DEC-23,168
168,346026545,0524500,,"AVENUES AT ARCADIA SPRINGFIELD, LLC",525 SOUTH MARTIN LUTHER KING JUNIOR DRIVE,SPRINGFIELD,IL,62703,A,,N,H,,623110,C,C,I,B,,,,,,,,525 SOUTH MARTIN LUTHER KING JUNIOR DRIVE,SPRINGFIELD,IL,62703,HOST_EST_KEY_VALUE,60,17-JUN-22,03-DEC-23,17-JUN-22,06-SEP-22,04-DEC-23,169
169,346050933,0524500,,"NUDO PRODUCTS, INC.",1500 TAYLOR AVE,SPRINGFIELD,IL,62703,A,,N,S,,444190,C,B,I,B,,,,,,,,1500 TAYLOR AVE,SPRINGFIELD,IL,62703,HOST_EST_KEY_VALUE,56,29-JUN-22,03-DEC-23,29-JUN-22,17-NOV-22,04-DEC-23,170
170,346486400,0524500,,"SUTTON'S, INC.",111 N DIRKSEN PARKWAY,SPRINGFIELD,IL,62702,A,,N,S,,238160,B,D,C,B,,,,,,,,1926 N PEORIA RD,SPRINGFIELD,IL,62702,HOST_EST_KEY_VALUE,1,30-JUN-22,03-DEC-23,30-JUN-22,30-JUN-22,04-DEC-23,171
171,346080633,0524500,,IVAN MEDINA,404 N 5TH ST,SPRINGFIELD,IL,62702,A,,N,S,,238160,B,B,I,B,,,,,,,,2 LEXINGTON DR,FAIRVIEW HEIGHTS,IL,62208,HOST_EST_KEY_VALUE,5,13-JUL-22,03-DEC-23,13-JUL-22,10-AUG-22,04-DEC-23,172
172,346083249,0551702,,CITY OF SPRINGFIELD - CWLP,11TH ST AND JACKSON ST,SPRINGFIELD,IL,62701,B,,Y,S,,221121,M,B,I,A,,,,,,,,800 E MONROE STREET ATTN:  MR. JAMES O. LANGFELDER - MAYOR,SPRINGFIELD,IL,62701,HOST_EST_KEY_VALUE,100,18-JUL-22,03-DEC-23,18-JUL-22,24-AUG-22,04-DEC-23,173
173,346090905,0524500,,"BLACKHAWK ROOFING, LLC",3167 ROBBINS ROAD,SPRINGFIELD,IL,62701,A,,N,S,,238160,B,B,I,B,,,,,,,,4208 SOUTHWOODS RD,SPRINGFIELD,IL,62711,HOST_EST_KEY_VALUE,10,20-JUL-22,03-DEC-23,20-JUL-22,13-JAN-23,04-DEC-23,174
174,346106842,0524500,,RAMIRO PEREZ SEGURA,950 S LINCOLN,SPRINGFIELD,IL,62704,A,,N,S,,238160,B,B,I,B,,,,,,,,2148 S 13TH STREET,SPRINGFIELD,IL,62703,HOST_EST_KEY_VALUE,6,27-JUL-22,03-DEC-23,27-JUL-22,,04-DEC-23,175
175,346131485,0524500,,COPPER CREEK CONTRACTORS,2501 CHATHAM RD,SPRINGFIELD,IL,62704,A,,N,S,,238160,B,B,I,B,,,,,,,,202 WEST OAK STREET,MAHOMET,IL,61853,HOST_EST_KEY_VALUE,13,08-AUG-22,03-DEC-23,08-AUG-22,16-AUG-22,04-DEC-23,176
176,346159684,0524500,,BE SQUARED CONSTRUCTION,917 W JEFFERSON ST,SPRINGFIELD,IL,62702,A,,N,S,,238160,B,D,C,B,,,,,,,,1023 W DORLAN AVE,SPRINGFIELD,IL,62702,HOST_EST_KEY_VALUE,1,19-AUG-22,03-DEC-23,19-AUG-22,30-SEP-22,04-DEC-23,177
177,346208630,0524500,,"CUSTOM WOODWORKS & INTERIORS, LTD.",3208 SOUTH DOUGLAS AVENUE,SPRINGFIELD,IL,62704,A,,N,H,,337110,H,B,I,B,,,,,,,,3208 SOUTH DOUGLAS AVENUE,SPRINGFIELD,IL,62704,HOST_EST_KEY_VALUE,6,08-SEP-22,03-DEC-23,18-NOV-22,15-FEB-23,04-DEC-23,178
178,346334717,0524500,,"SOLOMON COLORS, INC.",4050 NORTH COLOR PLANT RD,SPRINGFIELD,IL,62702,A,,N,S,,325130,B,B,I,B,,,,,,,,P.O. BOX 8288,SPRINGFIELD,IL,62791,HOST_EST_KEY_VALUE,129,09-NOV-22,03-DEC-23,09-NOV-22,07-DEC-22,04-DEC-23,179
179,346336860,0524500,,JESUS HERNANDEZ,2304 RENWICK DR,SPRINGFIELD,IL,62704,A,,N,S,,238160,H,B,I,B,,,,,,,,16422 DETRIC LN,HOUSTON,TX,77053,HOST_EST_KEY_VALUE,5,10-NOV-22,03-DEC-23,10-NOV-22,,04-DEC-23,180
180,346357163,0524500,,"CORE CONSTRUCTION SERVICES OF ILLINOIS , INC.",401 S 2ND STREET,SPRINGFIELD,IL,62701,A,,N,S,,236220,H,B,I,B,,,,,,,,601 SW WATER STREET,PEORIA,IL,61602,HOST_EST_KEY_VALUE,10,22-NOV-22,03-DEC-23,22-NOV-22,16-MAR-23,04-DEC-23,181
181,346357247,0524500,,"B. & B. ELECTRIC, INC",401 S 2ND STREET,SPRINGFIELD,IL,62701,A,,N,S,,238210,H,B,I,A,,,,,,,,3000 REILLY DRIVE,SPRINGFIELD,IL,62703,HOST_EST_KEY_VALUE,10,22-NOV-22,03-DEC-23,22-NOV-22,05-APR-23,04-DEC-23,182
182,346357296,0524500,,SCHNABEL FOUNDATION COMPANY,401 S 2ND STREET,SPRINGFIELD,IL,62701,A,,N,S,,238190,H,B,I,B,,,,,,,,21355 RIDGETOP CIRCLE STE 250,STERLING,VA,20166,HOST_EST_KEY_VALUE,6,22-NOV-22,03-DEC-23,22-NOV-22,,04-DEC-23,183
183,346357346,0524500,,THE MURPHY ELEVATOR CO.,401 S 2ND STREET,SPRINGFIELD,IL,62701,A,,N,S,,238290,H,B,I,A,,,,,,,,128 EAST MAIN STREET,LOUISVILLE,KY,40202,HOST_EST_KEY_VALUE,18,22-NOV-22,03-DEC-23,22-NOV-22,22-NOV-23,04-DEC-23,184
184,346357429,0524500,,"PETERSBURG PLUMBING AND EXCAVATING, LLC",401 S 2ND STREET,SPRINGFIELD,IL,62701,A,,N,S,,238910,H,B,I,B,,,,,,,,3550 GREAT NORTHERN AVENUE,SPRINGFIELD,IL,62711,HOST_EST_KEY_VALUE,10,22-NOV-22,03-DEC-23,22-NOV-22,21-APR-23,04-DEC-23,185
185,346363476,0524500,,WALMART INC.,1100 LEJUNE DRIVE,SPRINGFIELD,IL,62705,A,,N,S,,452311,C,B,I,B,,,,,,,,1100 LEJUNE DRIVE,SPRINGFIELD,IL,62705,HOST_EST_KEY_VALUE,317,29-NOV-22,03-DEC-23,29-NOV-22,,04-DEC-23,186
186,346396260,0524500,,"NUDO PRODUCTS, INC.",1500 TAYLOR AVE,SPRINGFIELD,IL,62703,A,,N,S,,444190,B,B,I,B,,,,,,,,1500 TAYLOR AVE,SPRINGFIELD,IL,62703,HOST_EST_KEY_VALUE,159,16-DEC-22,03-DEC-23,16-DEC-22,13-JUN-23,04-DEC-23,187
